{
  "model_path": "../../models/Llama-3.2-1B-Instruct",
  "quant_mode": "none",
  "data_dir": "../datasets/mergedata_preprocessed",
  "model_size_mb_via_save": 2357.2277879714966,
  "evaluation_date": "2025-11-09 16:57:07",
  "test": {
    "ppl": 25.569094945250516,
    "avg_loss": 3.241384393496793,
    "loss_std": 0.2058277428150177,
    "loss_min": 2.3341877460479736,
    "loss_max": 3.8717048168182373,
    "total_tokens": 1912813,
    "samples_evaluated": 7757
  },
  "throughput": {
    "mean_latency_ms": 347.81944274902344,
    "tokens_per_sec": 23552.449901172182,
    "batch_size": 8,
    "seq_len": 1024,
    "num_runs": 50
  }
}