{
  "model_path": "../model_quantization/llama3.2-1b-w8a8-qat-int8",
  "quant_mode": "none",
  "data_dir": "../datasets/mergedata_preprocessed",
  "model_size_mb_via_save": 1430.0148210525513,
  "evaluation_date": "2025-11-22 06:01:11",
  "test": {
    "ppl": 7.25769204036271,
    "avg_loss": 1.982061877519055,
    "loss_std": 0.21673497557640076,
    "loss_min": 1.275162696838379,
    "loss_max": 2.745211362838745,
    "total_tokens": 1912813,
    "samples_evaluated": 7757
  },
  "throughput": {
    "mean_latency_ms": 570.7946681976318,
    "tokens_per_sec": 14351.921025939933,
    "batch_size": 8,
    "seq_len": 1024,
    "num_runs": 50
  },
  "throughput_compiled": {
    "mean_latency_ms": 196.6474723815918,
    "tokens_per_sec": 41658.30305768453,
    "batch_size": 8,
    "seq_len": 1024,
    "num_runs": 50
  }
}